,car-body
0,"('Hyundai Elite i20 Asta 1.2 (O)', 'Hatchback')"
1,"('Hyundai Creta SX IVT Petrol', 'SUV')"
2,"('Hyundai Creta 1.6 SX', 'SUV')"
3,"('Hyundai Grand i10 Sportz 1.2 Kappa VTVT', 'Hatchback')"
4,"('Renault Kwid 1.0 RXL', 'Hatchback')"
5,"('Hyundai Elite i20 Asta (O) CVT', 'Hatchback')"
6,"('Maruti Suzuki Baleno Alpha Petrol', 'Hatchback')"
7,"('Maruti Suzuki Baleno Alpha Petrol+CNG (Outside...', 'Hatchback')"
8,"('Maruti Suzuki XL6 Alpha AT Petrol', 'MPV')"
9,"('Toyota Etios V', 'Sedan')"
10,"('Toyota Etios Liva G', 'Hatchback')"
11,"('Maruti Suzuki Ciaz ZXI+ AT', 'Sedan')"
12,"('Hyundai i20 Magna 1.2', 'Hatchback')"
13,"('Hyundai Grand i10 Magna 1.2 Kappa VTVT', 'Hatchback')"
14,"('Hyundai i10 Magna 1.2 Petrol', 'Hatchback')"
15,"('Ford EcoSport Titanium 1.5L Ti-VCT', 'SUV')"
16,"('Hyundai Verna SX Opt Turbo Petrol', 'Sedan')"
17,"('Kia Sonet GTX Plus 1.0 iMT', 'SUV')"
18,"('Maruti Suzuki Swift VXI AMT', 'Hatchback')"
19,"('Maruti Suzuki Ritz LXI', 'Hatchback')"
20,"('Maruti Suzuki Swift LXI (O)', 'Hatchback')"
21,"('Maruti Suzuki Swift ZXI Plus AMT', 'Hatchback')"
22,"('Maruti Suzuki Dzire ZXI AMT CNG (outside fitted)', 'Sedan')"
23,"('Skoda Kushaq Ambition 1.0L TSI MT', 'SUV')"
24,"('Mahindra XUV 300 W8 Petrol', 'SUV')"
25,"('Ford EcoSport Titanium+ 1.0L EcoBoost', 'SUV')"
26,"('Maruti Suzuki Baleno Zeta AT Petrol+cng(Outsid...', 'Hatchback')"
27,"('Maruti Suzuki Vitara Brezza ZDI PLUS Dual Tone', 'SUV')"
28,"('Volkswagen Polo Comfortline 1.2L CNG (Outside ...', 'Hatchback')"
29,"('Maruti Suzuki Ciaz ZXI', 'Sedan')"
30,"('Honda City V (AVN)', 'Sedan')"
31,"('Honda Brio VX MT', 'Hatchback')"
32,"('Mahindra KUV100 K4 D 6 STR', 'SUV')"
33,"('Hyundai i10 Era Petrol', 'Hatchback')"
34,"('Maruti Suzuki Swift VXI', 'Hatchback')"
35,"('Maruti Suzuki Baleno Sigma Petrol', 'Hatchback')"
36,"('Renault Duster RxL Petrol', 'SUV')"
37,"('Renault Triber RXT', 'MPV')"
38,"('Renault Kwid 1.0 RXT Opt', 'Hatchback')"
39,"('Renault Kiger RXZ 1.0 Turbo MT Dual Tone', 'SUV')"
40,"('Maruti Suzuki Ertiga ZDI + SHVS', 'MPV')"
41,"('Maruti Suzuki Baleno Delta Petrol', 'Hatchback')"
42,"('Hyundai Grand i10 Asta 1.2 Kappa VTVT', 'Hatchback')"
43,"('Maruti Suzuki Baleno Zeta Petrol', 'Hatchback')"
44,"('Maruti Suzuki Swift ZXI', 'Hatchback')"
45,"('Maruti Suzuki Swift ZDi Plus', 'Hatchback')"
46,"('Skoda Kushaq Style 1.0L TSI MT', 'SUV')"
47,"('Skoda Kushaq Style 1.5L TSI MT', 'SUV')"
48,"('Hyundai Grand i10 Nios Sportz 1.2 Kappa VTVT', 'Hatchback')"
49,"('Toyota Innova Crysta 2.4 ZX 7 STR', 'MPV')"
50,"('Maruti Suzuki Ertiga VXI', 'MPV')"
51,"('Hyundai Verna 1.6 VTVT SX', 'Sedan')"
52,"('Tata Hexa XT', 'SUV')"
53,"('Kia Seltos GTX Plus DCT', 'SUV')"
54,"('Mahindra Thar LX 4 STR Hard Top Petrol AT', 'SUV')"
55,"('Hyundai Creta 1.6 SX VTVT', 'SUV')"
56,"('Toyota Corolla Altis GL Petrol', 'Sedan')"
57,"('Hyundai Creta 1.6 SX Plus Petrol', 'SUV')"
58,"('Honda City 1.5 S MT', 'Sedan')"
59,"('Mahindra XUV700 AX 7 Petrol MT 7 STR', 'SUV')"
60,"('Renault Kwid RXT Opt', 'Hatchback')"
61,"('Kia Seltos HTX Plus D', 'SUV')"
62,"('Kia Seltos HTX IVT G', 'SUV')"
63,"('Maruti Suzuki Vitara Brezza VDi', 'SUV')"
64,"('Honda Brio S MT', 'Hatchback')"
65,"('Hyundai i20 N Line N8 1.0 Turbo DCT', 'Hatchback')"
66,"('Ford EcoSport Titanium + 1.5L Ti-VCT', 'SUV')"
67,"('Maruti Suzuki S-Presso VXI+', 'Hatchback')"
68,"('Mahindra XUV500 W7', 'SUV')"
69,"('Honda Amaze 1.2 VX CVT i-VTEC', 'Sedan')"
70,"('Hyundai Creta 1.6 SX Plus Auto', 'SUV')"
71,"('Tata Nexon XM Petrol', 'SUV')"
72,"('Chevrolet Beat LS Petrol', 'Hatchback')"
73,"('Ford EcoSport Titanium 1.5L Ti-VCT AT', 'SUV')"
74,"('Kia Seltos GTX', 'SUV')"
75,"('Maruti Suzuki Celerio X VXI Petrol+cng(outside...', 'Hatchback')"
76,"('Ford EcoSport Ambiente 1.5L TDCi', 'SUV')"
77,"('Nissan Terrano XL Petrol', 'SUV')"
78,"('Hyundai Venue SX 1.0 Turbo iMT', 'SUV')"
79,"('Maruti Suzuki S-Presso VXI Opt CNG', 'Hatchback')"
80,"('Maruti Suzuki Ciaz Alpha Petrol', 'Sedan')"
81,"('Tata Safari XZ Plus', 'SUV')"
82,"('Hyundai Venue SX Plus 1.0 Turbo DCT', 'SUV')"
83,"('Ford EcoSport Trend 1.5L TDCi', 'SUV')"
84,"('Honda City ZX', 'Sedan')"
85,"('Maruti Suzuki Celerio VXI CNG', 'Hatchback')"
86,"('Nissan Magnite XV Premium Turbo Dual Tone', 'SUV')"
87,"('Maruti Suzuki XL6 Zeta MT Petrol', 'MPV')"
88,"('Volkswagen Polo Comfortline 1.0L (P)', 'Hatchback')"
89,"('Skoda Slavia Style 1.0L TSI MT', 'Sedan')"
90,"('Maruti Suzuki Alto 800 VXI', 'Hatchback')"
91,"('Honda Amaze 1.2 S i-VTEC', 'Sedan')"
92,"('Maruti Suzuki Alto K10 VXI', 'Hatchback')"
93,"('Tata Safari XZA Plus 6S', 'SUV')"
94,"('Tata Nexon XZA Plus AMT Petrol', 'SUV')"
95,"('Maruti Suzuki S-Cross Zeta 1.5 AT', 'SUV')"
96,"('Honda City V', 'Sedan')"
97,"('Toyota Corolla Altis G Petrol', 'Sedan')"
98,"('Tata Harrier XZ', 'SUV')"
99,"('Toyota Camry Hybrid', 'Sedan')"
100,"('Maruti Suzuki Ciaz S Petrol', 'Sedan')"
101,"('Hyundai Venue SX 1.0 Turbo', 'SUV')"
102,"('Honda City VX', 'Sedan')"
103,"('Maruti Suzuki Dzire ZDI', 'Sedan')"
104,"('Maruti Suzuki Wagon R 1.0 VXI', 'Hatchback')"
105,"('Honda WR-V VX i-VTEC', 'SUV')"
106,"('Honda Amaze 1.2 VX i-VTEC', 'Sedan')"
107,"('Hyundai i10 Sportz Petrol', 'Hatchback')"
108,"('Maruti Suzuki Dzire VDI', 'Sedan')"
109,"('Hyundai Creta 1.6 SX Plus Auto Petrol', 'SUV')"
110,"('Tata Safari XZA Plus', 'SUV')"
111,"('Maruti Suzuki Ciaz Alpha AT Petrol', 'Sedan')"
112,"('Honda Jazz V CVT', 'Hatchback')"
113,"('Kia Seltos HTK G', 'SUV')"
114,"('Maruti Suzuki Vitara Brezza ZDi', 'SUV')"
115,"('Hyundai Santro Xing GL Plus', 'Hatchback')"
116,"('Maruti Suzuki Vitara Brezza ZDi AMT', 'SUV')"
117,"('Maruti Suzuki Dzire ZXI AMT', 'Sedan')"
118,"('Maruti Suzuki Swift Dzire VXI', 'Sedan')"
119,"('Maruti Suzuki Wagon R 1.0 LXI CNG', 'Hatchback')"
120,"('Mahindra Scorpio S5', 'SUV')"
121,"('Maruti Suzuki Alto 800 LXI', 'Hatchback')"
122,"('Hyundai Verna SX(O) AT Petrol+cng(outside fitted)', 'Sedan')"
123,"('Hyundai Venue SX 1.4 CRDI', 'SUV')"
124,"('Maruti Suzuki Baleno Zeta AT Petrol', 'Hatchback')"
125,"('Maruti Suzuki Ciaz Alpha Diesel', 'Sedan')"
126,"('Hyundai Elite i20 Sportz 1.2', 'Hatchback')"
127,"('Honda City VX CVT', 'Sedan')"
128,"('Maruti Suzuki S-Cross Alpha 1.5', 'SUV')"
129,"('Honda WR-V i-DTEC VX', 'SUV')"
130,"('Renault Triber RXZ AMT', 'MPV')"
131,"('Hyundai Creta 1.6 S Petrol', 'SUV')"
132,"('Hyundai Verna Fluidic 1.6 VTVT SX AT', 'Sedan')"
133,"('Maruti Suzuki Vitara Brezza ZXI Plus', 'SUV')"
134,"('Honda WR-V i-VTEC VX', 'SUV')"
135,"('Hyundai Verna 1.6 VTVT SX (O)', 'Sedan')"
136,"('Maruti Suzuki Ciaz Zeta Petrol AT', 'Sedan')"
137,"('Maruti Suzuki Ciaz Delta Petrol', 'Sedan')"
138,"('Hyundai Venue S 1.0 Turbo DCT', 'SUV')"
139,"('MG Motors Hector 2.0 Sharp', 'SUV')"
140,"('Tata Hexa XM', 'SUV')"
141,"('Maruti Suzuki Wagon R 1.0 VXI Petrol + CNG (Ou...', 'Hatchback')"
142,"('Nissan Kicks XV Diesel', 'SUV')"
143,"('Honda Amaze 1.2 V i-VTEC Petrol+CNG (Outside F...', 'Sedan')"
144,"('Mahindra XUV 300 W8 Diesel', 'SUV')"
145,"('Tata Nexon XZA Plus AMT Diesel', 'SUV')"
146,"('Maruti Suzuki Wagon R 1.0 LXI', 'Hatchback')"
147,"('Volkswagen Polo Highline1.2L (P)', 'Hatchback')"
148,"('Hyundai Eon Magna', 'Hatchback')"
149,"('Maruti Suzuki Ertiga ZDi', 'MPV')"
150,"('Tata Tiago Revotron XT', 'Hatchback')"
151,"('Maruti Suzuki Swift ZXI Plus', 'Hatchback')"
152,"('Hyundai Elite i20 Asta 1.2', 'Hatchback')"
153,"('Hyundai i20 Era 1.2', 'Hatchback')"
154,"('Hyundai New i20 Asta (O) 1.0 Turbo DCT', 'Hatchback')"
155,"('Maruti Suzuki Ciaz Alpha 1.3 Diesel', 'Sedan')"
156,"('Hyundai Elite i20 Sportz 1.4 CRDI', 'Hatchback')"
157,"('Hyundai Aura SX Plus 1.2 AMT Petrol', 'Sedan')"
158,"('Hyundai Creta SX Petrol', 'SUV')"
159,"('Mahindra XUV 300 W8 AMT (O) Diesel', 'SUV')"
160,"('Tata Nexon XZA Plus Dual Tone Roof AMT Petrol', 'SUV')"
161,"('Volkswagen Vento Comfortline Petrol', 'Sedan')"
162,"('Hyundai Santro Xing GLS', 'Hatchback')"
163,"('Maruti Suzuki Baleno Delta AT Petrol', 'Hatchback')"
164,"('Volkswagen Polo Highline 1.2 (D)', 'Hatchback')"
165,"('Hyundai Creta 1.4 E +', 'SUV')"
166,"('Maruti Suzuki Eeco 5 STR WITH A/C+HTR', 'Van')"
167,"('Volkswagen Vento Highline 1.0L TSI', 'Sedan')"
168,"('Hyundai Verna 1.6 VTVT SX (O) AT', 'Sedan')"
169,"('Hyundai Xcent SX Petrol', 'Sedan')"
170,"('MG Motors Astor Sharp EX 1.5 MT', 'SUV')"
171,"('Maruti Suzuki Celerio ZXI (O) AMT', 'Hatchback')"
172,"('Hyundai New Santro 1.1 Sportz MT', 'Hatchback')"
173,"('Maruti Suzuki Swift Dzire VDI', 'Sedan')"
174,"('Hyundai Grand i10 sportz (o) 1.2 U2 CRDi Diesel', 'Hatchback')"
175,"('Tata Zest XMA Diesel', 'Sedan')"
176,"('Tata Altroz XM Plus 1.5', 'Hatchback')"
177,"('Hyundai i20 Sportz 1.2', 'Hatchback')"
178,"('Mahindra XUV500 W8', 'SUV')"
179,"('Hyundai Xcent S AT Petrol', 'Sedan')"
180,"('Renault Kiger RXZ Turbo CVT', 'SUV')"
181,"('Mahindra XUV 300 W6 AMT Diesel', 'SUV')"
182,"('Ford Freestyle Titanium 1.2', 'Hatchback')"
183,"('Maruti Suzuki Ritz Vdi', 'Hatchback')"
184,"('Tata Nano Twist XT Petrol', 'Hatchback')"
185,"('Nissan Magnite XV Turbo CVT', 'SUV')"
186,"('Hyundai Neo Fluidic Elantra 1.6 SX AT CRDi', 'Sedan')"
187,"('Maruti Suzuki Eeco AC 5 STR', 'Van')"
188,"('Maruti Suzuki Dzire VXI', 'Sedan')"
189,"('Kia Sonet HTX Plus 1.0 iMT', 'SUV')"
190,"('Maruti Suzuki Celerio VXI AMT', 'Hatchback')"
191,"('Ford EcoSport Titanium + 1.5L Ti-VCT AT', 'SUV')"
192,"('Hyundai i20 Sportz 1.4 CRDI', 'Hatchback')"
193,"('Mahindra TUV300 T8', 'SUV')"
194,"('Skoda Rapid New Ambition Petrol', 'Sedan')"
195,"('Maruti Suzuki S-Presso VXI Plus AT', 'Hatchback')"
196,"('Renault Duster 85 PS RXS MT', 'SUV')"
197,"('Renault Triber RXZ', 'SUV')"
198,"('Hyundai Grand i10 Sportz 1.2 CRDi', 'Hatchback')"
199,"('Maruti Suzuki Alto K10 VXI (O)', 'Hatchback')"
200,"('Ford EcoSport Signature Edition Petrol', 'SUV')"
201,"('Hyundai Santa Fe 2 WD', 'SUV')"
202,"('Kia Seltos GTX DCT', 'SUV')"
203,"('Maruti Suzuki Alto LXI', 'Hatchback')"
204,"('Maruti Suzuki Ritz VXI', 'Hatchback')"
205,"('Honda City V 4th Gen', 'Sedan')"
206,"('Ford EcoSport Titanium 1.5L TDCi (Opt)', 'SUV')"
207,"('Hyundai Verna SX Opt IVT Petrol', 'Sedan')"
208,"('Ford Figo Titanium Petrol', 'Hatchback')"
209,"('Renault Duster 110 PS RxL', 'SUV')"
210,"('Maruti Suzuki Baleno Alpha AT Petrol', 'Hatchback')"
211,"('Toyota Yaris VX CVT', 'Sedan')"
212,"('Hyundai Fluidic Verna 4S 1.6 VTVT SX', 'Sedan')"
213,"('Maruti Suzuki Dzire VXI AMT', 'Sedan')"
214,"('Hyundai Creta 1.6 SX Plus', 'SUV')"
215,"('Maruti Suzuki S-Presso VXI CNG', 'Hatchback')"
216,"('Hyundai Elite i20 Sportz Plus 1.2', 'Hatchback')"
217,"('Chevrolet Cruze LTZ AT', 'Sedan')"
218,"('Renault Duster RXS CVT Petrol', 'SUV')"
219,"('Honda Jazz V Diesel', 'Hatchback')"
220,"('Volkswagen Polo All Star 1.5 (D)', 'Hatchback')"
221,"('Maruti Suzuki Dzire ZXI Plus AMT', 'Sedan')"
222,"('Tata Harrier XZ Plus', 'SUV')"
223,"('Hyundai Creta 1.4 S', 'SUV')"
224,"('Kia Sonet GTX Plus 1.5 Dual Tone', 'SUV')"
225,"('Volkswagen Polo Highline Plus 1.0 MPI', 'Hatchback')"
226,"('Renault Scala RxZ Diesel', 'Sedan')"
227,"('Renault Duster 85 PS RxL (Opt)', 'SUV')"
228,"('Ford Figo Aspire Titanium Plus 1.2 Ti-VCT', 'Sedan')"
229,"('Mahindra XUV500 W9', 'SUV')"
230,"('Ford Freestyle Titanium Plus 1.2 Ti-VCT', 'Hatchback')"
231,"('Mahindra Marazzo M6 8str', 'MPV')"
232,"('Ford EcoSport Titanium 1.5L TDCi', 'SUV')"
233,"('Hyundai Venue SX 1.0 (O) Turbo', 'SUV')"
234,"('Honda City ZX CVT', 'Sedan')"
235,"('Maruti Suzuki Vitara Brezza ZDI PLUS AT Dual Tone', 'SUV')"
236,"('Maruti Suzuki Dzire ZXI Plus', 'Sedan')"
237,"('Honda Jazz SV MT', 'Hatchback')"
238,"('Maruti Suzuki Ertiga ZDI', 'MPV')"
239,"('Hyundai Verna Fluidic 1.6 CRDi SX Opt AT', 'Sedan')"
240,"('Honda Mobilio V Petrol', 'MPV')"
241,"('Renault Captur RXE Petrol', 'SUV')"
242,"('Hyundai Creta SX OPT Turbo DCT Petrol', 'SUV')"
243,"('Mahindra Marazzo M6', 'MPV')"
244,"('Hyundai Creta 1.6 SX OPT VTVT', 'SUV')"
245,"('Renault Duster RXL Petrol', 'SUV')"
246,"('Maruti Suzuki Ciaz ZXI+', 'Sedan')"
247,"('Honda Amaze 1.5 VX CVT i-DTEC', 'Sedan')"
248,"('Tata Safari XZ Plus 6 STR', 'SUV')"
249,"('Ford Figo Titanium1.5 TDCi', 'Hatchback')"
250,"('Skoda Octavia 2.0 TDI AT Style', 'Sedan')"
251,"('Honda BR-V VX MT Petrol', 'SUV')"
252,"('Hyundai Elite i20 Magna 1.4 CRDI', 'Hatchback')"
253,"('Tata Tiago XZ Plus Dual Tone Roof', 'Hatchback')"
254,"('Hyundai Verna Fluidic 1.6 VTVT SX', 'Sedan')"
255,"('Kia Sonet HTX 1.0 DCT', 'SUV')"
256,"('Hyundai New i20 Sportz 1.2 MT', 'Hatchback')"
257,"('Volkswagen Polo Trendline 1.0 (P)', 'Hatchback')"
258,"('Volkswagen Jetta Trendline TDI', 'Sedan')"
259,"('Honda CR-V 1.6 AT i-DTEC', 'SUV')"
260,"('Maruti Suzuki Swift VDi', 'Hatchback')"
261,"('Maruti Suzuki Vitara Brezza ZDi Plus', 'SUV')"
262,"('Datsun Redi-GO 1.0 Gold', 'Hatchback')"
263,"('Hyundai Creta 1.6 SX (O)', 'SUV')"
264,"('Volkswagen Taigun Highline 1.0 TSI MT', 'SUV')"
265,"('Hyundai Creta 1.6 SX AT VTVT', 'SUV')"
266,"('Hyundai Aura SX 1.2 (O) Petrol', 'Sedan')"
267,"('Renault Duster RXS Turbo CVT Petrol', 'SUV')"
268,"('MG Motors Hector Plus Sharp 2.0 Diesel Turbo M...', 'SUV')"
269,"('Maruti Suzuki Wagon R 1.0 LXI (O) CNG', 'Hatchback')"
270,"('Renault Kwid RXL', 'Hatchback')"
271,"('Mahindra Marazzo M8', 'MPV')"
272,"('Maruti Suzuki XL6 Alpha MT Petrol', 'MPV')"
273,"('Ford Freestyle Titanium Plus 1.5 TDCI', 'Hatchback')"
274,"('Tata Tigor Revotron XZ+', 'Sedan')"
275,"('Mahindra XUV500 W5', 'SUV')"
276,"('Nissan Terrano XV Premium amt diesel', 'SUV')"
277,"('Maruti Suzuki Ertiga VXI CNG', 'MPV')"
278,"('Hyundai i20 Asta 1.4 CRDI', 'Hatchback')"
279,"('Maruti Suzuki Dzire VDi AMT', 'Sedan')"
280,"('Skoda Superb Elegance 1.8 TSI AT', 'Sedan')"
281,"('Honda Jazz V', 'Hatchback')"
282,"('Tata Safari XT', 'SUV')"
283,"('Tata Hexa XT 4X4', 'SUV')"
284,"('Maruti Suzuki Ciaz Delta AT Petrol', 'Sedan')"
285,"('Volkswagen Vento Comfortline Diesel', 'Sedan')"
286,"('Tata Harrier XZ Plus Dual Tone', 'SUV')"
287,"('Honda Jazz VX MT', 'Hatchback')"
288,"('Honda WR-V i-VTEC S', 'SUV')"
289,"('Mahindra XUV500 W11 AT', 'SUV')"
290,"('Kia Seltos HTX G', 'SUV')"
291,"('Tata Nexon XZ Plus Dual Tone Roof Diesel', 'SUV')"
292,"('MG Motors Gloster Sharp 2.0 Twin Turbo 7 STR 4WD', 'SUV')"
293,"('Kia Sonet HTX 1.0 iMT', 'SUV')"
294,"('Hyundai Verna Fluidic 1.6 CRDi SX', 'Sedan')"
295,"('Hyundai Santa Fe 2 WD AT', 'SUV')"
296,"('Mahindra XUV500 W10', 'SUV')"
297,"('Toyota Corolla Altis G Diesel', 'Sedan')"
298,"('Honda City 1.5 V MT', 'Sedan')"
299,"('Tata Nexon XM S Petrol', 'SUV')"
300,"('Maruti Suzuki Wagon R 1.2 ZXI', 'Hatchback')"
301,"('Maruti Suzuki S-Cross Alpha 1.6', 'SUV')"
302,"('Skoda Rapid New Style TDI AT', 'Sedan')"
303,"('Ford Figo Aspire Titanium 1.2 Ti-VCT', 'Sedan')"
304,"('Hyundai Grand i10 Magna 1.2 Kappa VTVT CNG', 'Hatchback')"
305,"('Renault Duster RXZ Petrol', 'SUV')"
306,"('Mahindra XUV500 W9 AT', 'SUV')"
307,"('Chevrolet Sail U-VA 1.2 LS', 'Hatchback')"
308,"('Toyota Corolla Altis VL AT Petrol', 'Sedan')"
309,"('Maruti Suzuki Swift Dzire ZDI', 'Sedan')"
310,"('Mahindra XUV 300 W6 Diesel', 'SUV')"
311,"('Honda Mobilio S Petrol', 'MPV')"
312,"('Ford EcoSport SE 1.5L TDCi', 'SUV')"
313,"('Maruti Suzuki New Ertiga ZDI +', 'MPV')"
314,"('Maruti Suzuki Dzire ZXI', 'Sedan')"
315,"('Maruti Suzuki Ciaz Alpha 1.5 Diesel', 'Sedan')"
316,"('Honda Amaze 1.5 S (O)', 'Sedan')"
317,"('Maruti Suzuki Baleno Zeta Diesel', 'Hatchback')"
318,"('Honda City SV', 'Sedan')"
319,"('Maruti Suzuki Vitara Brezza VDi (O)', 'SUV')"
320,"('Maruti Suzuki Celerio VXI', 'Hatchback')"
321,"('Hyundai New i20 Asta 1.0 Turbo IMT', 'Hatchback')"
322,"('Maruti Suzuki S-Cross Zeta 1.3', 'SUV')"
323,"('Hyundai New Santro 1.1 Sportz Petrol + CNG (outside fitted)', 'Hatchback')"
324,"('Tata Tigor Revotron XZA Plus', 'Sedan')"
325,"('Hyundai Elite i20 Asta CVT', 'Hatchback')"
326,"('Renault Triber RXT AMT', 'MPV')"
327,"('Tata Punch Creative AMT Dual Tone', 'Hatchback')"
328,"('Mahindra Thar LX 4 STR Hard Top Petrol MT', 'SUV')"
329,"('Nissan Magnite XL', 'SUV')"
330,"('Nissan Magnite XV Premium Turbo (O)', 'SUV')"
331,"('Jeep Compass Limited 2.0 Diesel 4x4', 'SUV')"
332,"('Hyundai Verna 1.6 CRDI SX', 'Sedan')"
333,"('Hyundai i20 Active 1.2 SX', 'Hatchback')"
334,"('Jeep Compass Limited (O) 2.0 Diesel', 'SUV')"
335,"('Hyundai i20 Active 1.2 S', 'Hatchback')"
336,"('Volkswagen Ameo Highline1.2L (P)', 'Sedan')"
337,"('Maruti Suzuki Swift VDi ABS', 'Hatchback')"
338,"('Volkswagen Ameo Comfortline Plus 1.2L (P)', 'Sedan')"
339,"('Hyundai Elite i20 Magna Executive 1.2', 'Hatchback')"
340,"('Renault Duster RXS Petrol', 'SUV')"
341,"('MG Motors Hector Smart 1.5 Petrol Turbo DCT', 'SUV')"
342,"('Tata Harrier XT', 'SUV')"
343,"('Kia Seltos HTX D', 'SUV')"
344,"('Skoda Rapid New Ambition TDI', 'Sedan')"
345,"('Hyundai Verna 1.6 CRDI SX (O)', 'Sedan')"
346,"('Volkswagen Vento Trendline Petrol', 'Sedan')"
347,"('Hyundai i20 Magna (O) 1.2', 'Hatchback')"
348,"('Mahindra XUV 300 W8 (O) Petrol', 'SUV')"
349,"('Toyota Innova Crysta 2.4 V 7 STR', 'MPV')"
350,"('Tata Tigor Revotorq XM', 'Sedan')"
351,"('Kia Carens Prestige Plus 1.5 Diesel 7 STR', 'MPV')"
352,"('Ford Figo Duratorq Diesel EXI 1.4', 'Hatchback')"
353,"('Maruti Suzuki Swift LXI', 'Hatchback')"
354,"('Hyundai Grand i10 Magna 1.2 Kappa VTVT CNG (outside fitted)', 'Hatchback')"
355,"('Toyota Yaris V', 'Sedan')"
356,"('Maruti Suzuki Ertiga VDI ABS ANNIVERSARY EDITION', 'MPV')"
357,"('Hyundai Eon Era +', 'Hatchback')"
358,"('Mahindra KUV100 NXT K8 6 STR', 'Hatchback')"
359,"('Mahindra XUV500 W11', 'SUV')"
360,"('Ford EcoSport Signature Edition Diesel', 'SUV')"
361,"('Toyota Yaris G', 'Sedan')"
362,"('Hyundai Creta SX Turbo DCT Petrol', 'SUV')"
363,"('Hyundai i20 Magna (O) 1.4 CRDI', 'Hatchback')"
364,"('Renault Duster 110 PS RXZ 4X2 AMT', 'SUV')"
365,"('Volkswagen Polo Highline Plus 1.2L (P)', 'Hatchback')"
366,"('Maruti Suzuki Ignis Alpha MT Petrol', 'Hatchback')"
367,"('Tata Nexon XMA AMT Diesel S', 'SUV')"
368,"('Renault Triber RXZ Dual Tone', 'MPV')"
369,"('MG Motors Hector 1.5 Sharp DCT AT', 'SUV')"
370,"('Tata Hexa XTA', 'SUV')"
371,"('Hyundai Xcent S Petrol', 'Sedan')"
372,"('Kia Sonet GTX Plus 1.0 DCT', 'SUV')"
373,"('Renault Duster 110 PS RxZ 4x2 MT', 'SUV')"
374,"('Honda Jazz VX Diesel', 'Hatchback')"
375,"('Datsun GO T (O)', 'Hatchback')"
376,"('Toyota Urban Cruiser Premium Grade AT', 'SUV')"
377,"('Hyundai Grand i10 Nios Sportz 1.0 Turbo GDI', 'Hatchback')"
378,"('Renault Duster RXZ Turbo Petrol', 'SUV')"
379,"('Nissan Terrano XL D Plus', 'SUV')"
380,"('Hyundai New i20 Sportz 1.2 IVT', 'Hatchback')"
381,"('Hyundai New i20 Asta (O) 1.5 MT', 'Hatchback')"
382,"('Maruti Suzuki Brezza ZXI', 'SUV')"
383,"('Maruti Suzuki Eeco STD 5 STR', 'Minivan')"
384,"('Maruti Suzuki Swift ZXI AMT', 'Hatchback')"
385,"('Maruti Suzuki S-Presso VXI', 'Hatchback')"
386,"('Honda WR-V i-VTEC SV', 'SUV')"
387,"('Volkswagen Polo Comfortline 1.2L (P)', 'Hatchback')"
388,"('Maruti Suzuki S-Presso VXI (O)', 'Hatchback')"
389,"('Hyundai Grand i10 Nios Sportz 1.2 Kappa VTVT CNG (outside fitted)', 'Hatchback')"
390,"('Kia Sonet HTK Plus 1.5', 'SUV')"
391,"('Honda City V 5th Gen', 'Sedan')"
392,"('Renault Kiger RXT Turbo CVT', 'SUV')"
393,"('Tata Nexon XZ Plus Diesel', 'SUV')"
394,"('Maruti Suzuki Wagon R Stingray VXI', 'Hatchback')"
395,"('Hyundai i10 Sportz 1.2 Petrol', 'Hatchback')"
396,"('Tata Hexa XE', 'SUV')"
397,"('Mahindra Thar LX 4 STR Convertible Diesel AT', 'SUV')"
398,"('Kia Seltos GTX Plus', 'SUV')"
399,"('Datsun Redi-GO T (O)', 'Hatchback')"
400,"('Nissan Micra Active XL (O)', 'Hatchback')"
401,"('Tata Punch Creative Dual Tone', 'Hatchback')"
402,"('Hyundai New Santro 1.1 Asta MT', 'Hatchback')"
403,"('Datsun Redi-GO S', 'Hatchback')"
404,"('Tata Tiago Revotron XM', 'Hatchback')"
405,"('Nissan Magnite XL Turbo', 'SUV')"
406,"('Renault Triber RXL', 'MPV')"
407,"('Honda Jazz VX CVT', 'Hatchback')"
408,"('Tata Punch Accomplished MT', 'Hatchback')"
409,"('Tata Altroz XZ 1.2', 'Hatchback')"
410,"('Datsun Redi-GO S 1.0', 'Hatchback')"
411,"('Datsun Redi-GO A', 'Hatchback')"
412,"('Hyundai Verna SX Petrol', 'Sedan')"
413,"('Maruti Suzuki Swift Dzire ZXI', 'Sedan')"
414,"('Hyundai Eon Magna +', 'Hatchback')"
415,"('Maruti Suzuki Vitara Brezza ZDI PLUS AT', 'SUV')"
416,"('Kia Seltos HTK Plus G', 'SUV')"
417,"('Toyota Innova Crysta 2.7 V', 'MPV')"
418,"('Maruti Suzuki Swift ZDI AMT', 'Hatchback')"
419,"('Maruti Suzuki Ritz ZXI', 'Hatchback')"
420,"('Hyundai i10 Sportz AT Petrol', 'Hatchback')"
421,"('Hyundai Grand i10 Magna 1.1 CRDi', 'Hatchback')"
422,"('Maruti Suzuki Swift Dzire ZDI AMT', 'Sedan')"
423,"('Skoda Rapid Ambition 1.6 MPI MT', 'Sedan')"
424,"('Honda Amaze 1.5 VX i-DTEC', 'Sedan')"
425,"('Honda Brio S(O)MT', 'Hatchback')"
426,"('Kia Sonet HTX 1.5', 'SUV')"
427,"('Skoda Kushaq Style 1.0L TSI AT (6 Airbags)', 'SUV')"
428,"('Hyundai Alcazar Platinum (O) 6 STR 2.0 Petrol AT', 'SUV')"
429,"('Nissan Kicks XV Premium Diesel', 'SUV')"
430,"('Mahindra Marazzo M4 8str', 'MPV')"
431,"('Maruti Suzuki S-Cross Zeta 1.5', 'SUV')"
432,"('Renault Fluence Diesel E2', 'Sedan')"
433,"('Volkswagen Taigun GT 1.5 TSI MT', 'SUV')"
434,"('Volkswagen Polo Highline Plus 1.5 (D)', 'Hatchback')"
435,"('Maruti Suzuki Ertiga VDI', 'MPV')"
436,"('Hyundai Fluidic Verna 4S 1.6 CRDi SX', 'Sedan')"
437,"('Nissan Micra XV Petrol', 'Hatchback')"
438,"('Tata Altroz XZ 1.5', 'Hatchback')"
439,"('Tata Zest XT ABS Diesel', 'Sedan')"
440,"('Nissan Magnite XV Turbo Dual Tone', 'SUV')"
441,"('Toyota Etios VD', 'Sedan')"
442,"('Maruti Suzuki S-Cross Alpha 1.3', 'SUV')"
443,"('Hyundai i20 N Line N8 1.0 Turbo iMT', 'Hatchback')"
444,"('Renault Kiger RXZ 1.0 Turbo MT', 'SUV')"
445,"('Renault Kwid CLIMBER 1.0 Opt', 'Hatchback')"
446,"('Nissan Magnite XV Turbo', 'SUV')"
447,"('Ford Figo Aspire Titanium Plus 1.5 TDCi', 'Sedan')"
448,"('Honda City VX Diesel', 'Sedan')"
449,"('Hyundai Creta S Diesel', 'SUV')"
450,"('Mahindra Marazzo M2 8str', 'MPV')"
451,"('Tata Punch Creative iRA Pack AMT Dual Tone', 'Hatchback')"
452,"('Toyota Glanza V', 'Hatchback')"
453,"('Maruti Suzuki S-Cross Zeta 1.6', 'SUV')"
454,"('Volkswagen Ameo 1.0 Highline Plus Petrol', 'Sedan')"
455,"('Hyundai Verna 1.6 CRDI SX + AT', 'Sedan')"
456,"('Nissan Magnite XV Premium Turbo CVT', 'SUV')"
457,"('Maruti Suzuki S-Cross Alpha 1.5 AT', 'SUV')"
458,"('Mahindra Scorpio S3', 'SUV')"
459,"('Toyota Yaris G CVT', 'Sedan')"
460,"('Volkswagen Taigun Highline 1.0 TSI AT', 'SUV')"
461,"('Tata Zest XT Diesel', 'Sedan')"
462,"('Hyundai i20 Active 1.4 SX', 'Hatchback')"
463,"('Tata Nexon XZ Plus Petrol', 'SUV')"
464,"('Kia Seltos GTX Plus AT D', 'SUV')"
465,"('Mahindra XUV 300 W8 (O) Dual Tone Diesel', 'SUV')"
466,"('Hyundai Verna 1.6 VTVT SX + AT', 'Sedan')"
467,"('Nissan Kicks XV Petrol', 'SUV')"
468,"('Tata Nexon XZ Plus Dual Tone roof Petrol', 'SUV')"
469,"('Renault Kiger RXT (O) AMT Dual Tone', 'SUV')"
470,"('Skoda Kushaq Style 1.5L TSI DSG (6 Airbags)', 'SUV')"
471,"('Chevrolet Beat PS Petrol', 'Hatchback')"
472,"('Tata Harrier XZA', 'SUV')"
473,"('Maruti Suzuki Swift VDI RS Limited Edition', 'Hatchback')"
474,"('Skoda Kushaq Style 1.0L TSI AT', 'SUV')"
475,"('Tata Harrier XZ Plus Dark Edition', 'SUV')"
476,"('Mahindra XUV 300 W8 (O) Dual Tone Petrol', 'SUV')"
477,"('Mahindra TUV300 T10', 'SUV')"
478,"('Nissan Magnite XV Premium', 'SUV')"
479,"('Mahindra Thar LX 4 STR Convertible Diesel MT', 'SUV')"
480,"('Volkswagen Virtus Comfortline 1.0 TSI MT', 'Sedan')"
481,"('Hyundai Creta 1.6 SX AT', 'SUV')"
482,"('Mahindra Scorpio S4 Plus', 'SUV')"
483,"('Hyundai Alcazar Platinum 7 STR 2.0 Petrol MT', 'SUV')"
484,"('Tata Altroz XT 1.2', 'Hatchback')"
485,"('MG Motors Hector 1.5 Hybrid Sharp', 'SUV')"
486,"('Toyota Glanza G Hybrid', 'Hatchback')"
487,"('Volkswagen Tiguan AllSpace 2.0 TSI AT', 'SUV')"
488,"('Maruti Suzuki S-Cross Delta 1.5', 'SUV')"
489,"('MG Motors Hector 1.5 Hybrid Smart', 'SUV')"
490,"('Toyota Yaris J', 'Sedan')"
491,"('Ford EcoSport Trend + 1.5L TDCi', 'SUV')"
492,"('Volkswagen Polo Highline 1.5 (D)', 'Hatchback')"
493,"('Tata Safari XT Plus', 'SUV')"
494,"('Tata Harrier XZ Dark Edition', 'SUV')"
495,"('Renault Duster 85 PS RxL', 'SUV')"
496,"('Hyundai i10 Magna Petrol', 'Hatchback')"
497,"('Hyundai Elite i20 Magna Executive CVT', 'Hatchback')"
498,"('Hyundai Grand i10 Sportz (O) 1.2 kappa VTVT', 'Hatchback')"
499,"('Volkswagen Virtus Topline 1.0 TSI AT', 'Sedan')"
500,"('Nissan Kicks XL Petrol', 'SUV')"
501,"('Ford EcoSport Titanium + 1.5L TDCi', 'SUV')"
502,"('Maruti Suzuki Omni E 8 STR BS-IV', 'Van')"
503,"('Maruti Suzuki Swift Dzire VDi ABS', 'Sedan')"
504,"('Nissan Magnite XV Premium Dual Tone', 'SUV')"
505,"('Hyundai Grand i10 Magna AT 1.2 Kappa VTVT', 'Hatchback')"
506,"('Skoda Octavia Elegance 1.8 TSI AT', 'Sedan')"
507,"('Skoda Kushaq Ambition 1.0L TSI AT', 'SUV')"
508,"('Maruti Suzuki Ignis Zeta MT Petrol', 'Hatchback')"
509,"('Honda Amaze 1.2 S CVT i-VTEC', 'Sedan')"
510,"('MG Motors Astor Sharp 1.5 CVT', 'SUV')"
511,"('Tata Safari XZA', 'SUV')"
512,"('Honda Amaze 1.2 V CVT Petrol', 'Sedan')"
513,"('Hyundai Grand i10 Sportz 1.2 Kappa VTVT CNG (O)', 'Hatchback')"
514,"('Volkswagen Taigun GT Plus 1.5 TSI DSG', 'SUV')"
515,"('Mahindra XUV700 AX 3 Diesel MT 7 STR', 'SUV')"
516,"('Maruti Suzuki Ciaz Alpha Petrol AT', 'Sedan')"
517,"('Maruti Suzuki Alto K10 VXI Plus', 'Hatchback')"
518,"('Hyundai Verna 1.4 VTVT EX', 'Sedan')"
519,"('Hyundai Verna S plus Petrol', 'Sedan')"
520,"('Chevrolet Spark LS 1.0', 'Hatchback')"
521,"('Toyota Urban Cruiser High Grade MT', 'SUV')"
522,"('Ford EcoSport Titanium 1.0L Ecoboost', 'SUV')"
523,"('Maruti Suzuki S-Cross Delta 1.3', 'SUV')"
524,"('Skoda Rapid New Style Petrol', 'Sedan')"
525,"('Maruti Suzuki Baleno Delta Diesel', 'Hatchback')"
526,"('Nissan Kicks XV Premium (O) Dual Tone Diesel', 'SUV')"
527,"('Maruti Suzuki Swift VXI CNG (Outside Fitted)', 'Hatchback')"
528,"('Chevrolet Beat LT Petrol', 'Hatchback')"
529,"('Toyota Innova Crysta 2.4 GX 7 STR', 'MPV')"
530,"('Tata Punch Kaziranga Edition IRA', 'Hatchback')"
531,"('Hyundai Elantra 2.0 SX(O) AT', 'Sedan')"
532,"('Volkswagen Ameo Highline1.2L Plus (P)', 'Sedan')"
533,"('Hyundai Grand i10 Asta 1.2 Kappa VTVT (O)', 'Hatchback')"
534,"('Volkswagen Jetta Comfortline TDI', 'Sedan')"
535,"('Hyundai Accent Executive', 'Sedan')"
536,"('Honda Amaze 1.2L VX CVT', 'Sedan')"
537,"('Tata Nexon XZ Plus (O)', 'SUV')"
538,"('Hyundai Grand i10 Sportz 1.1 CRDi', 'Hatchback')"
539,"('Nissan Magnite XV Premium Turbo CVT Dual Tone', 'SUV')"
540,"('Mahindra KUV100 K4 6 STR', 'Hatchback')"
541,"('Hyundai Elite i20 Asta 1.2 CNG (Outside fitted)', 'Hatchback')"
542,"('Maruti Suzuki Alto 800 LXI (O)', 'Hatchback')"
543,"('Tata Tigor Revotron XZA plus AMT', 'Sedan')"
544,"('Skoda Superb Style TSI AT', 'Sedan')"
545,"('Maruti Suzuki Celerio ZXI AMT', 'Hatchback')"
546,"('Tata Punch Kaziranga Edition AMT IRA', 'SUV')"
547,"('Tata Zest XMS Diesel', 'Sedan')"
548,"('Toyota Corolla Altis G AT Petrol', 'Sedan')"
549,"('Nissan Micra Active XV Safety Pack', 'Hatchback')"
550,"('Kia Carnival Limousine', 'MPV')"
551,"('Maruti Suzuki Wagon R 1.2 VXI AMT', 'Hatchback')"
552,"('Hyundai Elite i20 Magna Plus 1.2', 'Hatchback')"
553,"('Volkswagen Vento Highline Diesel', 'Sedan')"
554,"('Maruti Suzuki Ciaz SHVS RS Diesel', 'Sedan')"
555,"('Renault Kwid RXT', 'Hatchback')"
556,"('Skoda Rapid Ambition 1.6 MPI MT Plus', 'Sedan')"
557,"('Ford Freestyle Trend Plus 1.2 Ti-VCT', 'Hatchback')"
558,"('Ford Figo Duratec Petrol ZXI 1.2', 'Hatchback')"
559,"('Hyundai Grand i10 Nios Asta 1.2 Kappa VTVT', 'Hatchback')"
560,"('Maruti Suzuki Dzire ZDi Plus AMT', 'Sedan')"
561,"('Tata Altroz XZ Plus 1.2', 'Hatchback')"
562,"('Maruti Suzuki Celerio ZXI', 'Hatchback')"
563,"('Datsun GO T', 'Hatchback')"
564,"('Tata Nexon XT Petrol', 'SUV')"
565,"('Hyundai Elantra 1.6 SX MT', 'Sedan')"
566,"('Hyundai Venue SX 1.0 (O) Turbo Dual Tone', 'SUV')"
567,"('Maruti Suzuki Celerio X ZXI AMT', 'Hatchback')"
568,"('Maruti Suzuki Vitara Brezza LDi', 'SUV')"
569,"('Maruti Suzuki Wagon R 1.2 VXI', 'Hatchback')"
570,"('Toyota Corolla Altis GL Diesel', 'Sedan')"
571,"('Ford EcoSport Trend 1.5L Ti-VCT', 'SUV')"
572,"('Nissan Terrano XL (P)', 'SUV')"
573,"('Maruti Suzuki Ritz VXI Elate Limited Edition', 'Hatchback')"
574,"('Hyundai Venue SX(O) 1.4 CRDI', 'SUV')"
575,"('Maruti Suzuki Celerio X VXI', 'Hatchback')"
576,"('Hyundai New Santro 1.1 Magna', 'Hatchback')"
577,"('Honda BR-V S MT Diesel', 'SUV')"
578,"('Maruti Suzuki Wagon R 1.0 VXI (O) AMT', 'Hatchback')"
579,"('Honda Amaze 1.2 S (O)', 'Sedan')"
580,"('Hyundai i20 Active S Petrol+cng(outside fitted)', 'Hatchback')"
581,"('Tata Nexon XZ Plus S', 'SUV')"
582,"('Tata Nexon XZ Plus Diesel S', 'SUV')"
583,"('Tata Tiago Revotron XZA AMT', 'Hatchback')"
584,"('Tata Tiago Revotron XZ Plus', 'Hatchback')"
585,"('Mahindra Scorpio S4', 'SUV')"
586,"('Skoda Rapid New Rider Petrol', 'Sedan')"
587,"('Honda City V Diesel', 'Sedan')"
588,"('Hyundai Verna 1.6 CRDI SX (O) AT', 'Sedan')"
589,"('Nissan Micra Active XV', 'Hatchback')"
590,"('Honda City S', 'Sedan')"
591,"('Mahindra XUV 300 W6 Petrol', 'SUV')"
592,"('Maruti Suzuki Swift VDi (O)', 'Hatchback')"
593,"('Honda City VX (O) MT', 'Sedan')"
594,"('Tata Tigor XE', 'Sedan')"
595,"('MG Motors Hector 1.5 Sharp DCT', 'SUV')"
596,"('MG Motors Hector 1.5 Sharp petrol turbo DCT', 'SUV')"
597,"('Toyota Glanza V CVT', 'Hatchback')"
598,"('Renault Duster 110 PS RxZ AWD', 'SUV')"
599,"('Mahindra XUV500 W6 1.99', 'SUV')"
600,"('Hyundai Grand i10 Sportz AT 1.2 Kappa VTVT', 'Hatchback')"
601,"('Maruti Suzuki Ertiga VDI ABS', 'MPV')"
602,"('Renault Kiger RXZ Turbo CVT Dual Tone', 'SUV')"
603,"('Honda WR-V i-DTEC V', 'SUV')"
604,"('Datsun Redi-GO T', 'Hatchback')"
605,"('Volkswagen Tiguan Highline TDI', 'SUV')"
606,"('MG Motors Astor Sharp 1.5 MT', 'SUV')"
607,"('Hyundai Elite i20 Asta 1.4 CRDI', 'Hatchback')"
608,"('Hyundai i20 Asta 1.2', 'Hatchback')"
609,"('Ford Figo Duratorq Diesel ZXI 1.4', 'Hatchback')"
610,"('Mahindra KUV100 NXT K2+ D 6 STR', 'Hatchback')"
611,"('Chevrolet Sail U-VA 1.3 LS ABS', 'Hatchback')"
612,"('Honda City SV Diesel', 'Sedan')"
613,"('Renault Kiger RXT MT', 'SUV')"
614,"('Mahindra KUV100 K2 D 6 STR', 'Hatchback')"
615,"('Hyundai Verna Fluidic 1.6 CRDi SX Opt', 'Sedan')"
616,"('Maruti Suzuki Ciaz ZDi', 'Sedan')"
617,"('Renault Duster 85 PS RxE', 'SUV')"
618,"('Tata Altroz XM 1.5', 'Hatchback')"
619,"('Skoda Fabia Ambiente 1.2 MPI', 'Hatchback')"
620,"('Tata Punch Creative MT', 'Hatchback')"
621,"('Tata Nexon XZA Plus Dualtone Roof (O) AMT', 'SUV')"
622,"('Nissan Sunny XV Diesel', 'Sedan')"
623,"('Tata Punch Creative AMT', 'Hatchback')"
624,"('Mahindra Marazzo M2', 'MPV')"
625,"('Datsun Redi-GO D', 'Hatchback')"
626,"('Renault Kwid 1.0 RXT AMT', 'Hatchback')"
627,"('Renault Kwid RXT 1.0 SCE Special (O)', 'Hatchback')"
628,"('Renault Kwid 1.0 RXT AMT Opt', 'Hatchback')"
629,"('Nissan Terrano XL (D)', 'SUV')"
630,"('Maruti Suzuki Dzire LXI', 'Sedan')"
631,"('Maruti Suzuki Alto K10 LXI', 'Hatchback')"
632,"('Skoda Fabia Elegance 1.2 MPI', 'Hatchback')"
633,"('Hyundai Eon Era + SE', 'Hatchback')"
634,"('Maruti Suzuki Baleno Alpha Diesel', 'Hatchback')"
635,"('Volkswagen Ameo Comfortline 1.5L (D)', 'Sedan')"
636,"('Honda Amaze 1.2 V i-VTEC', 'Sedan')"
637,"('Toyota Innova 2.5 G4 8 STR', 'MPV')"
638,"('Tata Nano Twist XM Petrol', 'Hatchback')"
639,"('Honda Jazz SV', 'Hatchback')"
640,"('Tata Altroz XM Plus 1.2', 'Hatchback')"
641,"('Renault Duster RXS Sandstorm edition 110PS', 'SUV')"
642,"('Hyundai Elite i20 Asta 1.4 CRDI Dual Tone', 'Hatchback')"
